category,brand,product_name
Main,스웨그키,Keygeek 오트 리니어 스위치
Main,HMX,스웨그키 HMX Peach 피치 반저소음 리니어 키보드 스위치
Main,TTC,TTC 아이스 프로즌 저소음 V2 커스텀 기계식 키보드 스위치 공장윤활 사무용
Main,Swagkeys,스웨그키 Ion 이온 리니어 로우피치 키보드 스위치
Keyboards,NEO STUDIO,NEO65 Core Plus 기판
Keyboards,NEO STUDIO,NEO65 Core Plus 커스텀 기계식 키보드
Keyboards,NEO STUDIO,NEO65 Core Plus 보강판
Keyboards,QwertyKey,NEO80 CU 기판
Keyboards,NEO Studio,NEO80 CU 커스텀 기계식 키보드
Keyboards,QwertyKey,Qwertykeys NEO80 CU 보강판
Keyboards,KBDFANS,[GB] Agar Micro 파츠
Keyboards,EVOWORKS,EVO80 에보80 알루미늄 커스텀 기계식 키보드
Keyboards,Ticktype,DP104 알루미늄 커스텀 기계식 키보드
Keyboards,KBDFANS,[GB] Agar Micro 커스텀 기계식 키보드
Keyboards,QwertyKey,Qwertykeys NEO65 CU 보강판
Keyboards,스웨그키,스웨그키 Eave65 커스텀 기계식 키보드
Keyboards,QwertyKey,NEO65 CU 기판
Keyboards,Baionlenja,Baionlenja Ophanim 파츠
Keyboards,NEO,NEO65 Cu 커스텀 기계식 키보드
Keyboards,MM Studio,MM Studio - Class 100 전용 보강판
Keyboards,Evoworks,EVO75 에보75 알루미늄 커스텀 기계식 키보드
Keyboards,스웨그키,스웨그키 트랜지션 라이트 커스텀 기계식 키보드
Keyboards,AM,AM Relic80 커스텀 기계식 완제품 키보드 R1.5
Keyboards,MM Studio,MM Studio - Class 100 전용 기판
Keyboards,Baionlenja,Baionlenja Ophanim 베어본 킷
Keyboards,"Swagkeys, Play Keyboard",스웨그키 Smurve80 커스텀 기계식 완제품 키보드
Keyboards,스웨그키,스웨그키 키보드 빌드 서비스(나이트 스테빌라이저 포함)
Keyboards,MM Studio,MM Studio - Class 100
Keyboards,GDK Lab,GDK Lab - DK1 TKL 보강판
Keyboards,Bowl Keyboard,[GB]Bowl x Alexotos - Schema 파츠
Keyboards,Qwertykeys,QK80MK2 커스텀 기계식 키보드
Keyboards,NEO STUDIO,Qwertykeys NEO75 보강판
Keyboards,NEO STUDIO,NEO98 커스텀 기계식 키보드
Keyboards,스웨그키,트랜지션 라이트 Alu 상부 하우징 상판
Keyboards,스웨그키,스웨그키 트랜지션 87 라이트 게이밍 8K 커스텀 기계식 완제품 키보드
Keyboards,Cerakey,세라키 Zen75 기계식 완제품 키보드
Keyboards,Swagkeys,스웨그키 Eave65 전용 기판
Keyboards,GDK Lab,GDK Lab - DK1 TKL 여분 폼킷
Keyboards,GDK Lab,GDK Lab - DK1 TKL 기판
Keyboards,GDK Lab,GDK Lab - DK1 TKL Barebone Kit
Keyboards,Bowl Keyboard,[GB]Bowl x Alexotos - Schema 상판
Keyboards,Bowl Keyboard,[GB]Bowl x Alexotos - Schema Barebone Kit
Keyboards,NEO STUDIO,NEO75 & NEO98 커스텀 기계식 완제품 키보드
Keyboards,Bowl Keyboard,Bowl Oblique 기판 및 보강판
Keyboards,Bowl Keyboard,Bowl Keyboard Oblique 커스텀 기계식 키보드 R2
Keyboards,Wuque Studio,Meletrix Zoom64 MX버전 커스텀 기계식 키보드
Keyboards,Qwertykeys,QK65 MK3 커스텀 기계식 완제품 키보드
Keyboards,AngryMiao,AM ATM98 커스텀 기계식 완제품 키보드
Keyboards,AM ATM98 커스텀 기계식 완제품 키보드,10%
Keyboards,NEO STUDIO,Qwertykeys NEO98 보강판
Keyboards,NEO STUDIO,NEO98 기판
Keyboards,NEO STUDIO,NEO75 커스텀 기계식 키보드
Keyboards,QwertyKey,QK65 MK3 기판
Keyboards,MatrixLab,MatrixLab NOOS Wing 커스텀 기계식 키보드
Keyboards,Owlab,Owlab Hellcat Mech-01 기판&보강판
Keyboards,스웨그키,스웨그키 트랜지션 라이트 기판
Keyboards,스웨그키,트랜지션 라이트 전용 MX 8K 게이밍 기판
Keyboards,스웨그키,스웨그키 트랜지션 라이트 보강판
Keyboards,QwertyKey,NEO60 Core 기판
Keyboards,QwertyKey,Qwertykeys NEO60 Core 보강판
Keyboards,TOLNTOY,MatrixLab One Thing 커스텀 기계식 키보드
Keyboards,MatrixLab One Thing 커스텀 기계식 키보드,30%
Keyboards,QWERTYKEYS,[GB] QK Alice Duo Barebone Kit [Batch 5]
Keyboards,Swgakeys,Swagkeys x StelLive 하나코 나나 콜라보 굿즈
Keyboards,MatrixLab,MatrixLab NoStation
Keyboards,Wuque Studio,Meletrix Zoom64 HE버전 커스텀 기계식 키보드
Keyboards,Bagri x Flatbrains,NP-R Numpad
Keyboards,스웨그키,Shelby65 보강판
Keyboards,스웨그키,Shelby65 기판
Keyboards,QwertyKey,Qwertykeys QK65 MK3 보강판
Keyboards,MatrixLab,[GB] MatrixLab Carnival [TKL] - Barebone Kit
Keyboards,NBH,[GB] Neighbourhood Shy60 Barebone Kit
Keyboards,Baionlenja,[GB] Baionlenja Synovia Parts
Keyboards,Baionlenja,[GB] Baionlenja Synovia Barebone Kit
Keyboards,NONO Studio,NONO Studio N65 기판
Keyboards,0,[GB] ai03 Altair and Altair-X Barebone Kit R2
Keyboards,스웨그키,Swagkeys x JJW Integral 커스텀 기계식 키보드
Keyboards,스웨그키,SW Eave65 보강판
Keyboards,TOLNTOY,MatrixLab Prologue & Chapter One 커스텀 기계식 키보드
Keyboards,NEO,NEO60 Core 커스텀 기계식 키보드
Keyboards,Cannonkeys,[GB] Cannonkeys VIDA
Keyboards,스웨그키,스웨그키 SW A87 레이아웃 8K 게이밍 기판
Keyboards,Cannonkeys,[GB] Cannonkeys Cerberus Barebone Kit
Keyboards,Qwertykeys,Qwertykeys NEO SS 내부 무게추
Keyboards,스웨그키,Owlab Hellcat Mech-01 가방
Keyboards,NEO STUDIO,NEO75 기판
Keyboards,Owlab,Owlab Hellcat Mech-01 커스텀 기계식 키보드
Keyboards,NEON,NEON Transition LITE HE Kit
Switches,Keygeek,Neo Rye 라이 리니어 스위치
Switches,스웨그키,Keygeek 오트 리니어 스위치
Switches,HMX,스웨그키 HMX Peach 피치 반저소음 리니어 키보드 스위치
Switches,1,TTC 아이스 프로즌 저소음 V2 커스텀 기계식 키보드 스위치 공장윤활 사무용
Switches,Swagkeys,스웨그키 Ion 이온 리니어 로우피치 키보드 스위치
Switches,0,Cherry MX2A 흑축 비윤활 스위치
Switches,Owlab,Owlab Ti HE 마그네틱 스위치
Switches,HMX,HMX 신하이 리니어 스위치
Switches,Wingtree,스웨그키 Wingtree Golden Apple 키보드 스위치
Switches,Wingtree,스웨그키 Keygeek B1 리니어 키보드 스위치
Switches,SWK,SWK 네온 리니어 스위치
Switches,HMX,HMX Duckduck V2 덕덕 키보드 스위치
Switches,Haimu,Haimu 스노우 저소음 자석축 키보드 스위치
Switches,Haimu 스노우 저소음 자석축 키보드 스위치,50%
Switches,스웨그키,SW x SWK 피오니 HE 마그네틱 스위치
Switches,SW x SWK 피오니 HE 마그네틱 스위치,50%
Switches,HMX,HMX Toast 키보드 스위치
Switches,Swagkeys x TTC,TTC 피넛 라떼 저소음 택타일 스위치
Switches,스웨그키,SW x Haimu MP 택타일 스위치
Switches,CHERRY,Cherry MX2A Honey 택타일 스위치
Switches,Cherry,체리 MX2A 클래식 히로세 키보드 스위치
Switches,Wingtree,스웨그키 Wingtree ANON 리니어 키보드 스위치
Switches,HMX,Neo Amber 앰버 리니어 스위치
Switches,Wuque,Wuque BigLucky 빅럭키 클릭 스위치 Cliky
Switches,WEKT,WEKT Kunzite 쿤자이트 저소음 리니어 스위치
Switches,Cherry,체리 MX2A RGB Silver 은축 리니어 기계식 키보드 스위치
Switches,CHERRY,Cherry MX2A Northern Light 리니어 스위치
Switches,OWLAB,Owlab London Fog V2 런던포그 키보드 스위치
Switches,CHERRY,Cherry MX2A 비윤활 갈축 키보드 스위치
Switches,CHERRY,Cherry MX2A Blossom 리니어 스위치
Switches,체리,Cherry MX2A 스위치
Switches,Owlab,스웨그키 Owlab Nova N극 HE 키보드 스위치
Switches,CHERRY,Cherry MX2A RGB Silver 리니어 스위치
Switches,HMX,HMX T-Rex 키보드 스위치
Switches,SWK,NEO 라벤더 HE 마그네틱 스위치
Switches,NEO 라벤더 HE 마그네틱 스위치,60%
Switches,Evoworks,HMX 아주르 리니어 스위치
Switches,Keygeek,스웨그키 Keygeek Cera X 리니어 키보드 스위치
Switches,HMX,스웨그키 HMX Taro 타로 스위치 리니어
Switches,HMX,스웨그키 HMX Custard 커스터드 스위치 리니어
Switches,스웨그키,SWK 지음 v2 리니어 스위치
Switches,CHERRY,체리 MX2A Petal 키보드 스위치
Switches,CHERRY,Cherry MX Falcon 택타일 스위치
Switches,3,게이트론 Melodic 기계식 키보드 스위치.
Switches,Keygeek,스웨그키 Keygeek 쉐이크 Shake 리니어 키보드 스위치
Switches,Bustdown,스웨그키 BDG Optical White 리니어 키보드 스위치
Switches,bsun,QK01 키보드 스위치
Switches,Keygeek,Keygeek Muse 리니어 스위치
Switches,CHERRY,Cherry MX2A 비윤활 갈축 키보드 스위치 - 450개 벌크
Switches,bsun,Peach Mellow 키보드 스위치
Switches,Outemu,Outemu Cream Pink 크림핑크 리니어축 키보드 스위치
Switches,CHERRY,Cherry MX2A 비윤활 흑축 키보드 스위치 - 450개 벌크
Switches,Wuque,Wuque Flux HE 자석축 키보드 스위치 (N극)
Switches,0,SW x Gateron 디핑 리니어 스위치
Switches,MZ Studio,스웨그키 MZ Studio T2 리니어 키보드 스위치
Switches,CHERRY,체리 MX 흑축 삼신흑 키보드 스위치
Switches,Keygeek,스웨그키 Keygeek peach cheesecake 리니어 키보드 스위치
Keycaps,SWG,[GB]SWG Midnight Rainbow ABS 이중사출 키캡
Keycaps,GMK,[GB]GMK CYL Pandemonium 키캡
Keycaps,hammerworks,Hammerworks CRP R7 키캡
Keycaps,SWG,SWG Яubber ABS 이중사출 키캡
Keycaps,Swagkeys,스웨그키 Calm Beige PBT 염료승화 키캡
Keycaps,스웨그키,스웨그키 포인트 키캡
Keycaps,스웨그키,스웨그키 투명 키보드 키캡
Keycaps,SWG,SWG Euler ABS 이중사출 키캡
Keycaps,Swagkeys,스웨그키 Calm Beige 스탠다드 버전 PBT 염료승화 키캡
Keycaps,DoodleCaps,DoodleCaps 낙서 블랙 PBT 염료승화 키캡
Keycaps,MilkyWay,[GB]MW Philosopher's Stone 키캡
Keycaps,OSHID,스웨그키 MOA 키보드 키캡
Keycaps,스웨그키 MOA 키보드 키캡,50%
Keycaps,Swagkeys,스웨그키 Black on Black BoB 키캡 - 65%
Keycaps,DoodleCaps,DoodleCaps 낙서 PBT 염료승화 키캡
Keycaps,Qwertykeys,스웨그키 Qwertykeys Bubble Tea Marshmallow 키보드 키캡
Keycaps,Keyboard Science,Keyboard Science Heyball 키캡
Keycaps,Keyboard Science Heyball 키캡,20%
Keycaps,Qwertykeys,스웨그키 Qwertykeys Milk Tea 키캡
Keycaps,스웨그키,스웨그키 SW Antarctic 이중사출 키캡 세트
Keycaps,스웨그키 SW Antarctic 이중사출 키캡 세트,50%
Keycaps,SWG,[GB]SWG Classic Red ABS 이중사출 키캡
Keycaps,Geistmaschine,Geistmaschine - TP-1 키캡
Keycaps,RAMA Works,RAMA CAPS 키캡
Keycaps,SWG,[GB]SWG Rainbow Alert ABS 이중사출 키캡
Keycaps,GMK,[GB]GMK CYL Thunder God 키캡
Keycaps,SWG,[GB]SWG Skeletoon ABS 이중사출 키캡
Keycaps,Lelelab,LeleLab LowSup-Ocean Blue 키보드 키캡 로우프로파일
Keycaps,SWG,[GB]SWG Classic Blue ABS 이중사출 키캡
Keycaps,GMK,GMK Cherry Love 키캡 Add-on
Keycaps,SWG,[GB]SWG Ferrofluid ABS 이중사출 키캡
Keycaps,KnockKnockStudio&Fannie,스웨그키 DMK Red Bean 키캡 Add-on
Keycaps,SWG,[GB]SWG Prepress ABS 이중사출 키캡
Keycaps,Lelelab,LeleLab Good Night Cocoa 키보드 키캡
Keycaps,Keyreative,스웨그키 KAP MV Classic 키캡
Keycaps,SWG,[GB]SWG Euler ABS 이중사출 키캡
Keycaps,HAMMER,스웨그키 Hammer Mirror Image 키보드 키캡 80s All-in
Keycaps,HAMMER,Hammerworks CRP R6 Add-on kit
Keycaps,DMK,스웨그키 DMK Silent Plateau 키보드 키캡 Add-on
Keycaps,스웨그키 DMK Silent Plateau 키보드 키캡 Add-on,50%
Keycaps,KBM,스웨그키 KBM Love Detective 키보드 키캡 Add-on
Keycaps,스웨그키 KBM Love Detective 키보드 키캡 Add-on,50%
Keycaps,HAMMER,스웨그키 Hammerworks CRP RGBY 키보드 키캡
Keycaps,스웨그키 Hammerworks CRP RGBY 키보드 키캡,50%
Keycaps,Lelelab,스웨그키 Lelelab Gems 키보드 키캡
Keycaps,Hammerworks,[GB]Hammerworks CRP R7 - Add on
Keycaps,Hammerworks,[GB]Hammerworks CRP R7 - Mod
Keycaps,Hammerworks,[GB]Hammerworks CRP R7 - Base
Keycaps,Hammerworks,[GB]Hammerworks CRP R7 - Alpha
Keycaps,SWG,[GB]SWG Яubber ABS 이중사출 키캡
Keycaps,SWG,SWG Beige ABS 이중사출 키캡 - Add on
Keycaps,GMK,[GB]GMK MTNU Foundation R2
Keycaps,GMK,[GB]GMK CYL Foundation R2
Keycaps,Keyreative,KAT WoB Candy 키캡 Accent kit
Keycaps,KAT WoB Candy 키캡 Accent kit,30%
Keycaps,Swagkey,스웨그키 SW Maestro 키캡
Keycaps,ZOMOPLUS,스웨그키 ZOMO X B.Duck 3D 아티산 포인트 키캡
Keycaps,ZOMOPLUS,스웨그키 ZOMO 크리스마스 굴뚝 테마 포인트 키캡
Keycaps,1,[GB] KAP Santa LLum
Keycaps,Keykobo,스웨그키 KKB Instant 키보드 키캡 Novelties / Extension
Keycaps,Keyreative,KAP White on Black 기계식 키보드 키캡
Keycaps,Keykobo,Keykobo Outer bounds
Keycaps,Keykobo Outer bounds,50%
Keycaps,Lelelab,LeleLab Snowspire Lake 키보드 키캡
Keycaps,Cerakey,스웨그키 세라키 세라믹 V2 키캡 Blue Crazed
Keycaps,SWG,SWG Nimbus ABS 이중사출 키캡
Keycaps,Cerakey,스웨그키 세라키 세라믹 V2 키캡 Pink
Keycaps,SWG,[GB]SWG Tars ABS 이중사출 키캡
Keycaps,GMK,[GB]GMK CYL Gonzales 키캡
Keycaps,SWG,SWG Beige ABS 이중사출 키캡 - Base
Keycaps,GMK,[GB] GMK Cherry Love 키캡
Keycaps,3,[GB] KAP - Y
Keycaps,Keyreative,[GB] KAP MV Classic
Accessories,스웨그키,스웨그키 나이트 무보강용 스테빌라이저
Accessories,247,스웨그키 윤활붓
Accessories,17,크라이톡스 Krytox 205g0 5g
Accessories,Swagkey,스웨그키 투명 커스텀 키링
Accessories,스웨그키,스웨그키 SW 신형 기보강 포크 노폼 빌드용 툴
Accessories,스웨그키,스웨그키 SW 츄이 커스텀 케이블 AtoC / CtoC 18W 100W
Accessories,10,스웨그키 스페이스바 흡음재.
Accessories,15,체리 스크류인 Screw-in 무보강 스테빌 라이저.
Accessories,5,VETUS 윤활용 정밀 핀셋
Accessories,11,스웨그키 스위치 풀러
Accessories,Wuque StudioFBB,워큐 키캡 풀러 Wuque Studio WS
Accessories,4,스웨그키 신형 스위치 슬라이더 픽커
Accessories,10,윤활제 주입기
Accessories,5,kelowna 스테빌 라이저 교정기
Accessories,17,Superlube 슈퍼루브 12g
Accessories,0,NANCH 난치 정밀 드라이버
Accessories,9,에버글라이드 키캡 풀러.
Accessories,0,스테빌 라이저 포론 철심 패드.
Accessories,7,크라이톡스 Krytox GPL105 10g.
Accessories,13,EPDM 흡음재
Accessories,스웨그키,스웨그키 키보드 가방 60% 65% 80% TKL 보호 케이스
Accessories,게이트론,게이트론 키캡 & 스위치 풀러 & 오프너 3 in 1
Accessories,swagkeys,스웨그키 Long 스위치 스프링 (20mm)
Accessories,스웨그키 Long 스위치 스프링 (20mm),30%
Accessories,kelowna,kelowna All in one 윤활 스테이션
Accessories,4,게이트론 아크릴 테스터 (20구)
Accessories,4,포론 하부 흡음재
Accessories,11,Kelowna 2in1 스위치 오프너.
Accessories,13,SPRiT Designs Slow Extreme 스프릿 스위치 스프링
Accessories,스웨그키 x 쿄다이,스웨그키 스위치 스펙 스티커 (화이트 소형)
Accessories,swagkeys,스웨그키 나이트 스테빌라이저 전용 철심
Accessories,이름역순,SW 접착식 스테빌 스페이서
Accessories,Bowl,Bowl Bowl - Alu 나사트레이
Accessories,스웨그키,스웨그키 더스트커버 체크베이지 키보드덮개
Accessories,3,키보드용 신슐레이터 흡음재
Accessories,4,스테빌 라이저 철심(이바리 제거).
Accessories,1,스웨그키 스위치 폼 필름 v2
Accessories,6,스웨그키 x 화홍 납작붓
Accessories,10,스웨그키 Chewy 스위치 스프링(17.5mm).
Accessories,2,C³ EQUALZ 스테빌라이저 소울메이트
Accessories,6,크라이톡스 Krytox 103 10g
Accessories,2,SPRiT Designs Slow Extreme SE Edition 스프릿 스위치 스프링
Accessories,0,SPRiT Designs Slow Extreme 3 Ultra 스프릿 스위치 스프링
Accessories,0,SPRiT Designs MX Supreme 스프릿 스위치 스프링
Accessories,AngryMiao,AM Slant Magnetic 케이블 C to C
Accessories,스웨그키,SW 키보드 아크릴 네임택 V2 가방이름표
Accessories,tegic,TEGIC X SW 크리스탈 어댑터 40
Accessories,JJW,JJW Play Tray V2
Accessories,tegic,스웨그키 Tegic LED 마그네틱 C to C 케이블 240W
Accessories,0,스웨그키 포론 기보강 흡음재 - 60배열용
Accessories,0,[NEW] AM Emptiness phone case for iphone 17 air
Accessories,1,HIBI Single Unit 키보드 스탠드.
Accessories,HIBI Single Unit 키보드 스탠드.,20%
Accessories,2,스위치 하부 PE 폼
Accessories,3,스웨그키 스위치 프로그레시브 스프링 (16.5mm).
Accessories,0,이퀄즈 스테빌 라이저 철심.
Accessories,4,스웨그키 Classic 스위치 스프링 (14.5mm).
Accessories,0,체리 보강용 스테빌 라이저.
Accessories,0,체리 스냅인 Snap-in 무보강 스테빌 라이저.
Deskpads,이름역순,스웨그키 x Kyodiy 6XV Corsa 장패드.
Deskpads,스웨그키 x Kyodiy 6XV Corsa 장패드.,70%
Deskpads,2,스웨그키 Euler 오일러 장패드 데스크매트
Deskpads,스웨그키,스웨그키 x Kyodiy 체크 장패드 데스크매트
Deskpads,Swagkey,스웨그키 SW x Kyodiy 흰냥 키보드 매트 80% 100%
Deskpads,Swagkeys,스웨그키 x Kyodiy 스케이트보드 장패드 데스크매트
Deskpads,Swagkeys,스웨그키 x Kyodiy NFC 장패드 데스크매트
Deskpads,Swagkey,스웨그키 x Kyodiy 포켓볼 마우스패드
Deskpads,Swagkey,스웨그키 x Kyodiy 스트라이프 마우스패드
Deskpads,Swagkey,스웨그키 SW x Kyodiy 얼룩냥 키보드 매트 80% 100%
Deskpads,스웨그키,스웨그키 SW x Kyodiy 코코심플 키보드 매트 60/65% 80%
Deskpads,스웨그키 SW x Kyodiy 코코심플 키보드 매트 60/65% 80%,10%
Deskpads,스웨그키,스웨그키 SW x Kyodiy 코코낙서 키보드 매트 60/65% 80%
Deskpads,Swagkeys,스웨그키 x Kyodiy 밀크 마우스패드
Deskpads,Swagkeys,스웨그키 x Kyodiy LP 장패드 데스크매트
Deskpads,Krakenkap,Child's Play 장패드 데스크매트
Deskpads,Swagkey,스웨그키 x Kyodiy 러브 마우스패드
Deskpads,Swagkey,스웨그키 x Kyodiy STOP 마우스패드
Deskpads,Swagkey,스웨그키 SW x Kyodiy 만세멍 키보드 매트 80% 100%
Deskpads,Swagkey,스웨그키 SW x Kyodiy 찡긋멍 키보드 매트 80% 100%
Deskpads,스웨그키,스웨그키 x Kyodiy [NEW] 장패드 데스크매트
Deskpads,스웨그키,SW x Kyodiy 아이러브 SW 마우스패드
Deskpads,스웨그키,SW x Kyodiy 스위치 사냥 마우스패드
Deskpads,스웨그키,스웨그키 SW x Kyodiy 체크 키보드 매트 60/65% 80%
Deskpads,스웨그키 SW x Kyodiy 체크 키보드 매트 60/65% 80%,10%
Deskpads,스웨그키,SW x Kyodiy NEO ERGO 전용 데스크매트
Deskpads,SW x Kyodiy NEO ERGO 전용 데스크매트,10%
Deskpads,스웨그키,스웨그키 SW x Kyodiy 스프레이 키보드 매트 60/65% 80%
Deskpads,스웨그키 SW x Kyodiy 스프레이 키보드 매트 60/65% 80%,10%
Deskpads,스웨그키,스웨그키 SW x Kyodiy 방수 마우스패드
Deskpads,1,스웨그키 x Kyodiy Owlab 장패드.
Deskpads,MatrixLab,[GB] MatrixLab MP-01 강화유리 마우스패드
Gaming,스웨그키,트랜지션 라이트 전용 MX 8K 게이밍 기판
Gaming,AngryMiao,AM Infinity .97 경량 무선 8K 게이밍 마우스
Gaming,AngryMiao,AM Infinity Mouse 인피니티 마우스 전용 그립테이프&피트 세트
Gaming,Swagkey,스웨그키 NEON 게이밍 포론 마우스패드
Gaming,스웨그키 NEON 게이밍 포론 마우스패드,23%
Gaming,AngryMiao,스웨그키 AM Silkglass 강화유리 마우스패드
Gaming,AngryMiao,AM Infinity 무선 8K 게이밍 마우스 Basalt Black
Gaming,NEO STUDIO,NEO65 Sonic He+
Gaming,AngryMiao,AM Infinity 무선 8K 게이밍 마우스 Blazed Orange
Gaming,AngryMiao,AM Infinity 무선 8K 게이밍 마우스 Cloud White
Gaming,스웨그키,스웨그키 SW A87 레이아웃 8K 게이밍 기판
Gaming,MatrixLab,[GB] MatrixLab MP-01 강화유리 마우스패드
Gaming,NEON,NEON Transition LITE HE Kit
